{
    "comentarios": [
        
            {
                "_id": 1,
                "feed": 1,
                "user": {
                    "userId": 1,
                    "email": "lucas.santos@example.com",
                    "name": "Lucas Santos"
                },
                "datetime": "2023-11-01T08:30-0500",
                "content": "A palestra sobre inovação tecnológica foi incrível! A troca de ideias foi excelente, especialmente sobre o impacto da IA no mercado de trabalho."
            },
            {
                "_id": 2,
                "feed": 1,
                "user": {
                    "userId": 2,
                    "email": "carla.martins@example.com",
                    "name": "Carla Martins"
                },
                "datetime": "2023-11-02T09:15-0500",
                "content": "Participei do workshop de desenvolvimento ágil ontem. Aprendi técnicas de Scrum que posso aplicar diretamente no meu projeto atual."
            },
            {
                "_id": 3,
                "feed": 1,
                "user": {
                    "userId": 3,
                    "email": "gabriel.pereira@example.com",
                    "name": "Gabriel Pereira"
                },
                "datetime": "2023-11-03T10:00-0500",
                "content": "A conferência de marketing digital foi um marco para minha carreira. As novas estratégias de SEO e SEM apresentadas vão revolucionar minha abordagem de trabalho."
            },
            {
                "_id": 4,
                "feed": 1,
                "user": {
                    "userId": 4,
                    "email": "ana.rodrigues@example.com",
                    "name": "Ana Rodrigues"
                },
                "datetime": "2023-11-04T11:30-0500",
                "content": "As discussões sobre sustentabilidade durante o evento foram muito inspiradoras. Estou motivada a implementar práticas mais verdes no meu ambiente de trabalho."
            },
            {
                "_id": 5,
                "feed": 1,
                "user": {
                    "userId": 5,
                    "email": "rafael.almeida@example.com",
                    "name": "Rafael Almeida"
                },
                "datetime": "2023-11-05T14:45-0500",
                "content": "A palestra sobre inteligência emocional foi essencial para melhorar minha gestão de equipe. Certamente usarei essas lições em minha liderança."
            },
            {
                "_id": 6,
                "feed": 2,
                "user": {
                    "userId": 6,
                    "email": "juliana.souza@example.com",
                    "name": "Juliana Souza"
                },
                "datetime": "2023-11-06T15:00-0500",
                "content": "O evento sobre transformação digital trouxe insights fantásticos sobre como a tecnologia pode agilizar processos empresariais. Estou empolgada para aplicar essas ideias."
            },
            {
                "_id": 7,
                "feed": 2,
                "user": {
                    "userId": 7,
                    "email": "marcos.filho@example.com",
                    "name": "Marcos Filho"
                },
                "datetime": "2023-11-07T16:30-0500",
                "content": "Adorei a mesa-redonda sobre inovação em startups. Conheci novas tendências e fiz ótimos contatos profissionais."
            },
            {
                "_id": 8,
                "feed": 2,
                "user": {
                    "userId": 8,
                    "email": "larissa.oliveira@example.com",
                    "name": "Larissa Oliveira"
                },
                "datetime": "2023-11-08T17:15-0500",
                "content": "O encontro de empreendedorismo foi muito enriquecedor. As histórias de sucesso de pequenos negócios me motivaram a seguir com meu projeto pessoal."
            },
            {
                "_id": 9,
                "feed": 2,
                "user": {
                    "userId": 9,
                    "email": "felipe.costa@example.com",
                    "name": "Felipe Costa"
                },
                "datetime": "2023-11-09T18:00-0500",
                "content": "A conversa sobre tendências em design gráfico foi fascinante. Aprendi novas ferramentas e técnicas que com certeza usarei no meu trabalho."
            },
            {
                "_id": 10,
                "feed": 2,
                "user": {
                    "userId": 10,
                    "email": "luana.silva@example.com",
                    "name": "Luana Silva"
                },
                "datetime": "2023-11-10T19:30-0500",
                "content": "Participar do evento de marketing de influência foi um divisor de águas. Agora sei como melhorar a presença digital da minha marca."
            },
            {
                "_id": 11,
                "feed": 2,
                "user": {
                    "userId": 11,
                    "email": "bruna.melo@example.com",
                    "name": "Bruna Melo"
                },
                "datetime": "2023-11-11T20:45-0500",
                "content": "O painel sobre diversidade e inclusão foi muito tocante. Fiquei com mais vontade de criar um ambiente de trabalho mais inclusivo e acolhedor."
            },
            {
                "_id": 12,
                "feed": 2,
                "user": {
                    "userId": 12,
                    "email": "mariana.lima@example.com",
                    "name": "Mariana Lima"
                },
                "datetime": "2023-11-12T21:00-0500",
                "content": "A palestra sobre gestão de mudanças organizacionais foi esclarecedora. Aprendi técnicas para liderar mudanças sem grandes resistências."
            },
            {
                "_id": 13,
                "feed": 2,
                "user": {
                    "userId": 13,
                    "email": "gustavo.fernandes@example.com",
                    "name": "Gustavo Fernandes"
                },
                "datetime": "2023-11-13T22:30-0500",
                "content": "Adorei o evento sobre redes sociais e engajamento de público. Vou focar mais em criar conteúdos de qualidade para atrair meu público-alvo."
            },
            {
                "_id": 14,
                "feed": 2,
                "user": {
                    "userId": 14,
                    "email": "pedro.martins@example.com",
                    "name": "Pedro Martins"
                },
                "datetime": "2023-11-14T23:15-0500",
                "content": "O seminário sobre finanças pessoais foi muito útil. Agora sei como planejar meu orçamento para alcançar os meus objetivos financeiros."
            },
            {
                "_id": 15,
                "feed": 2,
                "user": {
                    "userId": 15,
                    "email": "sandra.rodrigues@example.com",
                    "name": "Sandra Rodrigues"
                },
                "datetime": "2023-11-15T00:00-0500",
                "content": "Fiquei encantada com a palestra sobre neurociência aplicada ao aprendizado. Vou explorar novas formas de melhorar minha aprendizagem."
            },
            {
                "_id": 16,
                "feed": 2,
                "user": {
                    "userId": 16,
                    "email": "eduardo.pinto@example.com",
                    "name": "Eduardo Pinto"
                },
                "datetime": "2023-11-16T01:00-0500",
                "content": "A conferência sobre cibersegurança foi extremamente relevante. As novas ameaças que discutimos são algo que devemos estar preparados para enfrentar."
            },
            {
                "_id": 17,
                "feed": 2,
                "user": {
                    "userId": 17,
                    "email": "beatriz.gomes@example.com",
                    "name": "Beatriz Gomes"
                },
                "datetime": "2023-11-17T02:30-0500",
                "content": "Fiquei muito impressionada com o painel sobre empreendedorismo social. Tenho mais ideias para expandir meu negócio e gerar impacto positivo."
            },
            {
                "_id": 18,
                "feed": 2,
                "user": {
                    "userId": 18,
                    "email": "joao.silveira@example.com",
                    "name": "João Silveira"
                },
                "datetime": "2023-11-18T03:15-0500",
                "content": "O evento sobre sustentabilidade urbana foi fascinante. As práticas sustentáveis apresentadas devem ser aplicadas para melhorar nossas cidades."
            },
            {
                "_id": 19,
                "feed": 2,
                "user": {
                    "userId": 19,
                    "email": "luiz.oliveira@example.com",
                    "name": "Luiz Oliveira"
                },
                "datetime": "2023-11-19T04:00-0500",
                "content": "O painel sobre ética no marketing digital me fez refletir sobre como devemos tratar dados e privacidade de maneira mais responsável."
            },
            {
                "_id": 20,
                "feed": 2,
                "user": {
                    "userId": 20,
                    "email": "renata.rodrigues@example.com",
                    "name": "Renata Rodrigues"
                },
                "datetime": "2023-11-20T05:00-0500",
                "content": "O seminário sobre inteligência artificial me ajudou a entender como posso incorporar essa tecnologia no meu dia a dia e otimizar processos."
            },
            {
                    "_id": 28,
                    "feed": 4,
                    "user": {
                        "userId": 1,
                        "email": "johndoe@example.com",
                        "name": "John Doe"
                    },
                    "datetime": "2024-11-23T12:00-0500",
                    "content": "Incrível evento! A palestra sobre inteligência artificial foi de tirar o fôlego."
                },
                {
                    "_id": 29,
                    "feed": 4,
                    "user": {
                        "userId": 2,
                        "email": "janedoe@example.com",
                        "name": "Jane Doe"
                    },
                    "datetime": "2024-11-23T12:30-0500",
                    "content": "A organização do evento foi excelente. Fiquei impressionada com a qualidade das apresentações!"
                },
                {
                    "_id": 30,
                    "feed": 4,
                    "user": {
                        "userId": 3,
                        "email": "mike.smith@example.com",
                        "name": "Mike Smith"
                    },
                    "datetime": "2024-11-23T13:00-0500",
                    "content": "Adorei os workshops sobre novas tecnologias. O evento superou minhas expectativas."
                },
                {
                    "_id": 31,
                    "feed": 4,
                    "user": {
                        "userId": 4,
                        "email": "lucy.brown@example.com",
                        "name": "Lucy Brown"
                    },
                    "datetime": "2024-11-23T13:30-0500",
                    "content": "Muito aprendizado no evento de hoje! Me inscrevi para a próxima edição."
                },
                {
                    "_id": 32,
                    "feed": 5,
                    "user": {
                        "userId": 5,
                        "email": "daniel.johnson@example.com",
                        "name": "Daniel Johnson"
                    },
                    "datetime": "2024-11-23T14:00-0500",
                    "content": "A palestra sobre inovação em startups foi excelente. Aprendi muito!"
                },
                {
                    "_id": 33,
                    "feed": 5,
                    "user": {
                        "userId": 6,
                        "email": "emily.white@example.com",
                        "name": "Emily White"
                    },
                    "datetime": "2024-11-23T14:30-0500",
                    "content": "Fui à sessão sobre marketing digital, e as dicas foram extremamente úteis para minha empresa."
                },
                {
                    "_id": 34,
                    "feed": 5,
                    "user": {
                        "userId": 7,
                        "email": "chris.jones@example.com",
                        "name": "Chris Jones"
                    },
                    "datetime": "2024-11-23T15:00-0500",
                    "content": "A discussão sobre o futuro do trabalho foi muito interessante. Certamente voltarei para o próximo."
                },
                {
                    "_id": 35,
                    "feed": 5,
                    "user": {
                        "userId": 8,
                        "email": "katie.miller@example.com",
                        "name": "Katie Miller"
                    },
                    "datetime": "2024-11-23T15:30-0500",
                    "content": "Agradeço a organização do evento! Foi ótimo fazer networking e aprender mais sobre novas tendências."
                },
                {
                    "_id": 36,
                    "feed": 5,
                    "user": {
                        "userId": 9,
                        "email": "william.taylor@example.com",
                        "name": "William Taylor"
                    },
                    "datetime": "2024-11-23T16:00-0500",
                    "content": "Muito bom o evento sobre estratégias de vendas. Estou saindo com várias novas ideias para aplicar."
                },
                {
                    "_id": 37,
                    "feed": 5,
                    "user": {
                        "userId": 10,
                        "email": "linda.martinez@example.com",
                        "name": "Linda Martinez"
                    },
                    "datetime": "2024-11-23T16:30-0500",
                    "content": "Excelente evento! As palestras foram ricas em conteúdo e muito interativas."
                },
                {
                    "_id": 38,
                    "feed": 5,
                    "user": {
                        "userId": 11,
                        "email": "robert.garcia@example.com",
                        "name": "Robert Garcia"
                    },
                    "datetime": "2024-11-23T17:00-0500",
                    "content": "O evento superou as minhas expectativas. As apresentações foram muito bem estruturadas."
                },
                {
                    "_id": 39,
                    "feed": 5,
                    "user": {
                        "userId": 12,
                        "email": "olivia.davis@example.com",
                        "name": "Olivia Davis"
                    },
                    "datetime": "2024-11-23T17:30-0500",
                    "content": "Gostei muito do evento. As discussões sobre sustentabilidade foram bem pertinentes."
                },
                {
                    "_id": 40,
                    "feed": 5,
                    "user": {
                        "userId": 13,
                        "email": "john.carter@example.com",
                        "name": "John Carter"
                    },
                    "datetime": "2024-11-23T18:00-0500",
                    "content": "A sessão sobre inteligência emocional no trabalho foi uma das melhores que já participei."
                },
                {
                    "_id": 41,
                    "feed": 5,
                    "user": {
                        "userId": 14,
                        "email": "susan.moore@example.com",
                        "name": "Susan Moore"
                    },
                    "datetime": "2024-11-23T18:30-0500",
                    "content": "O painel sobre transformação digital foi esclarecedor e inspirador. Recomendarei a todos os meus colegas."
                },
                {
                    "_id": 42,
                    "feed": 5,
                    "user": {
                        "userId": 15,
                        "email": "paul.wilson@example.com",
                        "name": "Paul Wilson"
                    },
                    "datetime": "2024-11-23T19:00-0500",
                    "content": "A parte prática do evento foi muito proveitosa. Já estou aplicando o que aprendi na minha empresa."
                },
                {
                    "_id": 43,
                    "feed": 5,
                    "user": {
                        "userId": 16,
                        "email": "anna.hall@example.com",
                        "name": "Anna Hall"
                    },
                    "datetime": "2024-11-23T19:30-0500",
                    "content": "Incrível como o evento foi bem organizado. Parabéns a todos os envolvidos!"
                },
                {
                    "_id": 44,
                    "feed": 5,
                    "user": {
                        "userId": 17,
                        "email": "george.green@example.com",
                        "name": "George Green"
                    },
                    "datetime": "2024-11-23T20:00-0500",
                    "content": "Eu gostei especialmente da parte sobre marketing de influência. Muito útil para o meu trabalho."
                },
                {
                    "_id": 45,
                    "feed": 5,
                    "user": {
                        "userId": 18,
                        "email": "rachel.young@example.com",
                        "name": "Rachel Young"
                    },
                    "datetime": "2024-11-23T20:30-0500",
                    "content": "Ótima experiência! O evento trouxe muitas novas perspectivas sobre o futuro do mercado."
                },
                {
                    "_id": 46,
                    "feed": 7,
                    "user": {
                        "userId": 19,
                        "email": "kevin.king@example.com",
                        "name": "Kevin King"
                    },
                    "datetime": "2024-11-23T21:00-0500",
                    "content": "A palestra sobre estratégias de marketing digital foi extremamente útil para nossa equipe."
                },
                {
                    "_id": 47,
                    "feed": 7,
                    "user": {
                        "userId": 20,
                        "email": "megan.white@example.com",
                        "name": "Megan White"
                    },
                    "datetime": "2024-11-23T21:30-0500",
                    "content": "Foi um evento maravilhoso. Me senti muito motivada para implementar as ideias discutidas."
                },
                {
                    "_id": 48,
                    "feed": 7,
                    "user": {
                        "userId": 21,
                        "email": "alex.johnson@example.com",
                        "name": "Alex Johnson"
                    },
                    "datetime": "2024-11-23T22:00-0500",
                    "content": "O evento foi uma excelente oportunidade de aprendizado e troca de ideias. Parabéns à organização!"
                },
                {
                    "_id": 49,
                    "feed": 7,
                    "user": {
                        "userId": 22,
                        "email": "laura.martinez@example.com",
                        "name": "Laura Martinez"
                    },
                    "datetime": "2024-11-23T22:30-0500",
                    "content": "Acredito que o evento trouxe muitas insights valiosos sobre a importância da inovação contínua."
                }
            ]
        }
        
